[{"model": "contenttypes.contenttype", "pk": 1, "fields": {"app_label": "admin", "model": "logentry"}}, {"model": "contenttypes.contenttype", "pk": 2, "fields": {"app_label": "auth", "model": "group"}}, {"model": "contenttypes.contenttype", "pk": 3, "fields": {"app_label": "auth", "model": "permission"}}, {"model": "contenttypes.contenttype", "pk": 4, "fields": {"app_label": "contenttypes", "model": "contenttype"}}, {"model": "contenttypes.contenttype", "pk": 5, "fields": {"app_label": "sessions", "model": "session"}}, {"model": "contenttypes.contenttype", "pk": 6, "fields": {"app_label": "MedApp", "model": "patient"}}, {"model": "contenttypes.contenttype", "pk": 7, "fields": {"app_label": "MedApp", "model": "customuser"}}, {"model": "contenttypes.contenttype", "pk": 8, "fields": {"app_label": "MedApp", "model": "specialization"}}, {"model": "contenttypes.contenttype", "pk": 9, "fields": {"app_label": "MedApp", "model": "diagnostic"}}, {"model": "contenttypes.contenttype", "pk": 10, "fields": {"app_label": "MedApp", "model": "appointment"}}, {"model": "contenttypes.contenttype", "pk": 11, "fields": {"app_label": "MedApp", "model": "consultation"}}, {"model": "contenttypes.contenttype", "pk": 12, "fields": {"app_label": "MedApp", "model": "consultationresult"}}, {"model": "contenttypes.contenttype", "pk": 13, "fields": {"app_label": "jet", "model": "bookmark"}}, {"model": "contenttypes.contenttype", "pk": 14, "fields": {"app_label": "jet", "model": "pinnedapplication"}}, {"model": "contenttypes.contenttype", "pk": 15, "fields": {"app_label": "dashboard", "model": "userdashboardmodule"}}, {"model": "contenttypes.contenttype", "pk": 16, "fields": {"app_label": "django_twilio", "model": "caller"}}, {"model": "contenttypes.contenttype", "pk": 17, "fields": {"app_label": "django_twilio", "model": "credential"}}, {"model": "sessions.session", "pk": "5nikytvegtkzdo4t8rankcxak91n61fr", "fields": {"session_data": "MDNhOWYxZDMzYWIzZmYzM2ZlZjFlMzJhZjllZmNiODY1MTFjY2YxOTp7Il9hdXRoX3VzZXJfaGFzaCI6IjVmNjlkNDY1Y2MwYWM1YjU5M2MxZDY3MDg1Y2VjNTQyMGQyOWI0NzQiLCJfYXV0aF91c2VyX2JhY2tlbmQiOiJkamFuZ28uY29udHJpYi5hdXRoLmJhY2tlbmRzLk1vZGVsQmFja2VuZCIsIl9hdXRoX3VzZXJfaWQiOiI0In0=", "expire_date": "2017-06-23T13:26:13.686Z"}}, {"model": "sessions.session", "pk": "5qyoo7mlgmv0p65m7coea1k3bzmp7zyp", "fields": {"session_data": "NDAwZGM0MzdkOGQxOTZjZDE4NWQyMDc3YzVhZDcyZGQzYTRkNjE0ODp7Il9hdXRoX3VzZXJfaGFzaCI6ImQwYmI5MTVlMTQxZTJmYzZhZWJkOTA1NjExZmRiM2FiMTJlNDQ1MjUiLCJfYXV0aF91c2VyX2JhY2tlbmQiOiJkamFuZ28uY29udHJpYi5hdXRoLmJhY2tlbmRzLk1vZGVsQmFja2VuZCIsIl9hdXRoX3VzZXJfaWQiOiI1In0=", "expire_date": "2017-06-26T16:47:10.008Z"}}, {"model": "sessions.session", "pk": "69ol6ezzannr2t37o8zj2jqxiuxr39a4", "fields": {"session_data": "NDAwZGM0MzdkOGQxOTZjZDE4NWQyMDc3YzVhZDcyZGQzYTRkNjE0ODp7Il9hdXRoX3VzZXJfaGFzaCI6ImQwYmI5MTVlMTQxZTJmYzZhZWJkOTA1NjExZmRiM2FiMTJlNDQ1MjUiLCJfYXV0aF91c2VyX2JhY2tlbmQiOiJkamFuZ28uY29udHJpYi5hdXRoLmJhY2tlbmRzLk1vZGVsQmFja2VuZCIsIl9hdXRoX3VzZXJfaWQiOiI1In0=", "expire_date": "2017-06-27T08:40:03.586Z"}}, {"model": "sessions.session", "pk": "6ah0lwrowy54qcbtrd2qoflg76dyndn5", "fields": {"session_data": "NDJmZjZjOGM4OTQ0YzIzY2JlNWE0MWY5Njk3NzlmNDZiMTQ5NTAyMzp7Il9hdXRoX3VzZXJfaGFzaCI6IjllZjNhZjMwNDQ5YjRlNzllZWY3ZDU2OTM0NWJhYzA2MDRmNjAzOWMiLCJfYXV0aF91c2VyX2JhY2tlbmQiOiJkamFuZ28uY29udHJpYi5hdXRoLmJhY2tlbmRzLk1vZGVsQmFja2VuZCIsIl9hdXRoX3VzZXJfaWQiOiI0In0=", "expire_date": "2017-06-23T10:22:24.333Z"}}, {"model": "sessions.session", "pk": "7n9d9cmy0wo87fvcli5cs0vpb425gras", "fields": {"session_data": "NDAwZGM0MzdkOGQxOTZjZDE4NWQyMDc3YzVhZDcyZGQzYTRkNjE0ODp7Il9hdXRoX3VzZXJfaGFzaCI6ImQwYmI5MTVlMTQxZTJmYzZhZWJkOTA1NjExZmRiM2FiMTJlNDQ1MjUiLCJfYXV0aF91c2VyX2JhY2tlbmQiOiJkamFuZ28uY29udHJpYi5hdXRoLmJhY2tlbmRzLk1vZGVsQmFja2VuZCIsIl9hdXRoX3VzZXJfaWQiOiI1In0=", "expire_date": "2017-06-27T19:18:11.311Z"}}, {"model": "sessions.session", "pk": "da72mvzzifa9s2rlwj3yph9mskqrslgy", "fields": {"session_data": "MTYxZjM3MzUwNTM5YjAzMTAwM2Q3NWE1YzFkMTllMjAyMjljMWMyMDp7Il9hdXRoX3VzZXJfaGFzaCI6ImMwNWU3ZWMxMGIxMWUwZDEzN2QzZDRhZGY3MTE5YzRkNTJkNDk0ODUiLCJfYXV0aF91c2VyX2JhY2tlbmQiOiJkamFuZ28uY29udHJpYi5hdXRoLmJhY2tlbmRzLk1vZGVsQmFja2VuZCIsIl9hdXRoX3VzZXJfaWQiOiIxIn0=", "expire_date": "2017-06-28T11:38:04.716Z"}}, {"model": "sessions.session", "pk": "msgdcbohg26gsobq6pfneffh8qczumxi", "fields": {"session_data": "MTYxZjM3MzUwNTM5YjAzMTAwM2Q3NWE1YzFkMTllMjAyMjljMWMyMDp7Il9hdXRoX3VzZXJfaGFzaCI6ImMwNWU3ZWMxMGIxMWUwZDEzN2QzZDRhZGY3MTE5YzRkNTJkNDk0ODUiLCJfYXV0aF91c2VyX2JhY2tlbmQiOiJkamFuZ28uY29udHJpYi5hdXRoLmJhY2tlbmRzLk1vZGVsQmFja2VuZCIsIl9hdXRoX3VzZXJfaWQiOiIxIn0=", "expire_date": "2017-06-25T17:25:08.480Z"}}, {"model": "sessions.session", "pk": "n5e4cca5a0xdiztw2lepowzxzbp14811", "fields": {"session_data": "NDAwZGM0MzdkOGQxOTZjZDE4NWQyMDc3YzVhZDcyZGQzYTRkNjE0ODp7Il9hdXRoX3VzZXJfaGFzaCI6ImQwYmI5MTVlMTQxZTJmYzZhZWJkOTA1NjExZmRiM2FiMTJlNDQ1MjUiLCJfYXV0aF91c2VyX2JhY2tlbmQiOiJkamFuZ28uY29udHJpYi5hdXRoLmJhY2tlbmRzLk1vZGVsQmFja2VuZCIsIl9hdXRoX3VzZXJfaWQiOiI1In0=", "expire_date": "2017-06-28T16:44:56.465Z"}}, {"model": "sessions.session", "pk": "nesim4ek9lb1gjhmuw9hr1ejmawpj9i5", "fields": {"session_data": "MDNhOWYxZDMzYWIzZmYzM2ZlZjFlMzJhZjllZmNiODY1MTFjY2YxOTp7Il9hdXRoX3VzZXJfaGFzaCI6IjVmNjlkNDY1Y2MwYWM1YjU5M2MxZDY3MDg1Y2VjNTQyMGQyOWI0NzQiLCJfYXV0aF91c2VyX2JhY2tlbmQiOiJkamFuZ28uY29udHJpYi5hdXRoLmJhY2tlbmRzLk1vZGVsQmFja2VuZCIsIl9hdXRoX3VzZXJfaWQiOiI0In0=", "expire_date": "2017-06-23T13:00:20.546Z"}}, {"model": "sessions.session", "pk": "p0r2y3n47p4pkhptgneg1tge3ipb3mbx", "fields": {"session_data": "NDAwZGM0MzdkOGQxOTZjZDE4NWQyMDc3YzVhZDcyZGQzYTRkNjE0ODp7Il9hdXRoX3VzZXJfaGFzaCI6ImQwYmI5MTVlMTQxZTJmYzZhZWJkOTA1NjExZmRiM2FiMTJlNDQ1MjUiLCJfYXV0aF91c2VyX2JhY2tlbmQiOiJkamFuZ28uY29udHJpYi5hdXRoLmJhY2tlbmRzLk1vZGVsQmFja2VuZCIsIl9hdXRoX3VzZXJfaWQiOiI1In0=", "expire_date": "2017-06-27T08:10:37.638Z"}}, {"model": "sessions.session", "pk": "qv6dnkqmk0fe6efqjbaixliyb3d0ddp6", "fields": {"session_data": "NDAwZGM0MzdkOGQxOTZjZDE4NWQyMDc3YzVhZDcyZGQzYTRkNjE0ODp7Il9hdXRoX3VzZXJfaGFzaCI6ImQwYmI5MTVlMTQxZTJmYzZhZWJkOTA1NjExZmRiM2FiMTJlNDQ1MjUiLCJfYXV0aF91c2VyX2JhY2tlbmQiOiJkamFuZ28uY29udHJpYi5hdXRoLmJhY2tlbmRzLk1vZGVsQmFja2VuZCIsIl9hdXRoX3VzZXJfaWQiOiI1In0=", "expire_date": "2017-06-25T21:32:23.390Z"}}, {"model": "sessions.session", "pk": "qy2ye5c580qdk29dpqq0srnhx8xtha9s", "fields": {"session_data": "NDAwZGM0MzdkOGQxOTZjZDE4NWQyMDc3YzVhZDcyZGQzYTRkNjE0ODp7Il9hdXRoX3VzZXJfaGFzaCI6ImQwYmI5MTVlMTQxZTJmYzZhZWJkOTA1NjExZmRiM2FiMTJlNDQ1MjUiLCJfYXV0aF91c2VyX2JhY2tlbmQiOiJkamFuZ28uY29udHJpYi5hdXRoLmJhY2tlbmRzLk1vZGVsQmFja2VuZCIsIl9hdXRoX3VzZXJfaWQiOiI1In0=", "expire_date": "2017-06-23T14:16:22.605Z"}}, {"model": "sessions.session", "pk": "utdggkp5nn751j87t9nph5lsg87i84tx", "fields": {"session_data": "MTYxZjM3MzUwNTM5YjAzMTAwM2Q3NWE1YzFkMTllMjAyMjljMWMyMDp7Il9hdXRoX3VzZXJfaGFzaCI6ImMwNWU3ZWMxMGIxMWUwZDEzN2QzZDRhZGY3MTE5YzRkNTJkNDk0ODUiLCJfYXV0aF91c2VyX2JhY2tlbmQiOiJkamFuZ28uY29udHJpYi5hdXRoLmJhY2tlbmRzLk1vZGVsQmFja2VuZCIsIl9hdXRoX3VzZXJfaWQiOiIxIn0=", "expire_date": "2017-06-26T12:37:09.268Z"}}, {"model": "sessions.session", "pk": "zv4jp50pb9tyvu005ux1a5l70vhem8sy", "fields": {"session_data": "NDAwZGM0MzdkOGQxOTZjZDE4NWQyMDc3YzVhZDcyZGQzYTRkNjE0ODp7Il9hdXRoX3VzZXJfaGFzaCI6ImQwYmI5MTVlMTQxZTJmYzZhZWJkOTA1NjExZmRiM2FiMTJlNDQ1MjUiLCJfYXV0aF91c2VyX2JhY2tlbmQiOiJkamFuZ28uY29udHJpYi5hdXRoLmJhY2tlbmRzLk1vZGVsQmFja2VuZCIsIl9hdXRoX3VzZXJfaWQiOiI1In0=", "expire_date": "2017-06-26T06:39:07.920Z"}}, {"model": "MedApp.diagnostic", "pk": 1, "fields": {"code": 921, "name": "Irregular Mense", "specilization": 1}}, {"model": "MedApp.diagnostic", "pk": 2, "fields": {"code": 938, "name": "Dysfunctional Uterine Bleeding", "specilization": 1}}, {"model": "MedApp.diagnostic", "pk": 3, "fields": {"code": 949, "name": "Pelvic Pain", "specilization": 1}}, {"model": "MedApp.diagnostic", "pk": 4, "fields": {"code": 72, "name": "Cervicitis/Endocervicitis", "specilization": 1}}, {"model": "MedApp.diagnostic", "pk": 5, "fields": {"code": 951, "name": "Menopausal Symptoms", "specilization": 1}}, {"model": "MedApp.diagnostic", "pk": 6, "fields": {"code": 8756, "name": "Abnormal Pap Smear Result, Cervix", "specilization": 1}}, {"model": "MedApp.diagnostic", "pk": 7, "fields": {"code": 259, "name": "Uterine Fibroid/Leiomyoma", "specilization": 1}}, {"model": "MedApp.diagnostic", "pk": 8, "fields": {"code": 289, "name": "Ovarian Dysfunction", "specilization": 1}}, {"model": "MedApp.diagnostic", "pk": 9, "fields": {"code": 5846, "name": "Encounter Long Rx Use Ot", "specilization": 3}}, {"model": "MedApp.diagnostic", "pk": 10, "fields": {"code": 7021, "name": "Seborrheic Keratosis Ot", "specilization": 3}}, {"model": "MedApp.diagnostic", "pk": 11, "fields": {"code": 7020, "name": "Actinic Keratosis", "specilization": 3}}, {"model": "MedApp.diagnostic", "pk": 12, "fields": {"code": 2169, "name": "Benign Neo Skin Unspec", "specilization": 3}}, {"model": "MedApp.diagnostic", "pk": 13, "fields": {"code": 7609, "name": "Sebaceous Cyst", "specilization": 3}}, {"model": "MedApp.diagnostic", "pk": 14, "fields": {"code": 6209, "name": "Dermatitis Unspec", "specilization": 3}}, {"model": "MedApp.diagnostic", "pk": 15, "fields": {"code": 684, "name": "Impetigo", "specilization": 3}}, {"model": "MedApp.diagnostic", "pk": 16, "fields": {"code": 1101, "name": "Dermatophytosis Of Nail", "specilization": 3}}, {"model": "MedApp.diagnostic", "pk": 17, "fields": {"code": 6983, "name": "Lichenification", "specilization": 3}}, {"model": "MedApp.diagnostic", "pk": 18, "fields": {"code": 7049, "name": "Unsp Hair Disease", "specilization": 3}}, {"model": "MedApp.diagnostic", "pk": 19, "fields": {"code": 7040, "name": "Alopecia Unsp", "specilization": 3}}, {"model": "MedApp.diagnostic", "pk": 20, "fields": {"code": 7821, "name": "Nonspecif Skin Erupt Ot", "specilization": 3}}, {"model": "MedApp.consultationresult", "pk": 1, "fields": {"diagnostic": 3, "consultation": 1, "image": "10390987_1076588515732763_720507585186584121_n.jpg", "recipe": "Nu are nimic, e sanatoasa"}}, {"model": "MedApp.consultationresult", "pk": 2, "fields": {"diagnostic": 3, "consultation": 1, "image": "10390987_1076588515732763_720507585186584121_n_5bCX2WH.jpg", "recipe": "Ce zici ma, sora mea?"}}, {"model": "MedApp.consultationresult", "pk": 4, "fields": {"diagnostic": 3, "consultation": 5, "image": "batery_sZW3Wnm.png", "recipe": "sddfsdfasdasdasdasdasdasd"}}, {"model": "auth.permission", "pk": 1, "fields": {"name": "Can add log entry", "content_type": 1, "codename": "add_logentry"}}, {"model": "auth.permission", "pk": 2, "fields": {"name": "Can change log entry", "content_type": 1, "codename": "change_logentry"}}, {"model": "auth.permission", "pk": 3, "fields": {"name": "Can delete log entry", "content_type": 1, "codename": "delete_logentry"}}, {"model": "auth.permission", "pk": 4, "fields": {"name": "Can add group", "content_type": 2, "codename": "add_group"}}, {"model": "auth.permission", "pk": 5, "fields": {"name": "Can change group", "content_type": 2, "codename": "change_group"}}, {"model": "auth.permission", "pk": 6, "fields": {"name": "Can delete group", "content_type": 2, "codename": "delete_group"}}, {"model": "auth.permission", "pk": 7, "fields": {"name": "Can add permission", "content_type": 3, "codename": "add_permission"}}, {"model": "auth.permission", "pk": 8, "fields": {"name": "Can change permission", "content_type": 3, "codename": "change_permission"}}, {"model": "auth.permission", "pk": 9, "fields": {"name": "Can delete permission", "content_type": 3, "codename": "delete_permission"}}, {"model": "auth.permission", "pk": 10, "fields": {"name": "Can add content type", "content_type": 4, "codename": "add_contenttype"}}, {"model": "auth.permission", "pk": 11, "fields": {"name": "Can change content type", "content_type": 4, "codename": "change_contenttype"}}, {"model": "auth.permission", "pk": 12, "fields": {"name": "Can delete content type", "content_type": 4, "codename": "delete_contenttype"}}, {"model": "auth.permission", "pk": 13, "fields": {"name": "Can add session", "content_type": 5, "codename": "add_session"}}, {"model": "auth.permission", "pk": 14, "fields": {"name": "Can change session", "content_type": 5, "codename": "change_session"}}, {"model": "auth.permission", "pk": 15, "fields": {"name": "Can delete session", "content_type": 5, "codename": "delete_session"}}, {"model": "auth.permission", "pk": 16, "fields": {"name": "Can add patient", "content_type": 6, "codename": "add_patient"}}, {"model": "auth.permission", "pk": 17, "fields": {"name": "Can change patient", "content_type": 6, "codename": "change_patient"}}, {"model": "auth.permission", "pk": 18, "fields": {"name": "Can delete patient", "content_type": 6, "codename": "delete_patient"}}, {"model": "auth.permission", "pk": 19, "fields": {"name": "Can add user", "content_type": 7, "codename": "add_customuser"}}, {"model": "auth.permission", "pk": 20, "fields": {"name": "Can change user", "content_type": 7, "codename": "change_customuser"}}, {"model": "auth.permission", "pk": 21, "fields": {"name": "Can delete user", "content_type": 7, "codename": "delete_customuser"}}, {"model": "auth.permission", "pk": 22, "fields": {"name": "Can add specialization", "content_type": 8, "codename": "add_specialization"}}, {"model": "auth.permission", "pk": 23, "fields": {"name": "Can change specialization", "content_type": 8, "codename": "change_specialization"}}, {"model": "auth.permission", "pk": 24, "fields": {"name": "Can delete specialization", "content_type": 8, "codename": "delete_specialization"}}, {"model": "auth.permission", "pk": 25, "fields": {"name": "Can add diagnostic", "content_type": 9, "codename": "add_diagnostic"}}, {"model": "auth.permission", "pk": 26, "fields": {"name": "Can change diagnostic", "content_type": 9, "codename": "change_diagnostic"}}, {"model": "auth.permission", "pk": 27, "fields": {"name": "Can delete diagnostic", "content_type": 9, "codename": "delete_diagnostic"}}, {"model": "auth.permission", "pk": 28, "fields": {"name": "Can add appointment", "content_type": 10, "codename": "add_appointment"}}, {"model": "auth.permission", "pk": 29, "fields": {"name": "Can change appointment", "content_type": 10, "codename": "change_appointment"}}, {"model": "auth.permission", "pk": 30, "fields": {"name": "Can delete appointment", "content_type": 10, "codename": "delete_appointment"}}, {"model": "auth.permission", "pk": 31, "fields": {"name": "Can add consultation", "content_type": 11, "codename": "add_consultation"}}, {"model": "auth.permission", "pk": 32, "fields": {"name": "Can change consultation", "content_type": 11, "codename": "change_consultation"}}, {"model": "auth.permission", "pk": 33, "fields": {"name": "Can delete consultation", "content_type": 11, "codename": "delete_consultation"}}, {"model": "auth.permission", "pk": 34, "fields": {"name": "Can add consultation result", "content_type": 12, "codename": "add_consultationresult"}}, {"model": "auth.permission", "pk": 35, "fields": {"name": "Can change consultation result", "content_type": 12, "codename": "change_consultationresult"}}, {"model": "auth.permission", "pk": 36, "fields": {"name": "Can delete consultation result", "content_type": 12, "codename": "delete_consultationresult"}}, {"model": "auth.permission", "pk": 37, "fields": {"name": "Can add bookmark", "content_type": 13, "codename": "add_bookmark"}}, {"model": "auth.permission", "pk": 38, "fields": {"name": "Can change bookmark", "content_type": 13, "codename": "change_bookmark"}}, {"model": "auth.permission", "pk": 39, "fields": {"name": "Can delete bookmark", "content_type": 13, "codename": "delete_bookmark"}}, {"model": "auth.permission", "pk": 40, "fields": {"name": "Can add pinned application", "content_type": 14, "codename": "add_pinnedapplication"}}, {"model": "auth.permission", "pk": 41, "fields": {"name": "Can change pinned application", "content_type": 14, "codename": "change_pinnedapplication"}}, {"model": "auth.permission", "pk": 42, "fields": {"name": "Can delete pinned application", "content_type": 14, "codename": "delete_pinnedapplication"}}, {"model": "auth.permission", "pk": 43, "fields": {"name": "Can add user dashboard module", "content_type": 15, "codename": "add_userdashboardmodule"}}, {"model": "auth.permission", "pk": 44, "fields": {"name": "Can change user dashboard module", "content_type": 15, "codename": "change_userdashboardmodule"}}, {"model": "auth.permission", "pk": 45, "fields": {"name": "Can delete user dashboard module", "content_type": 15, "codename": "delete_userdashboardmodule"}}, {"model": "auth.permission", "pk": 46, "fields": {"name": "Can add caller", "content_type": 16, "codename": "add_caller"}}, {"model": "auth.permission", "pk": 47, "fields": {"name": "Can change caller", "content_type": 16, "codename": "change_caller"}}, {"model": "auth.permission", "pk": 48, "fields": {"name": "Can delete caller", "content_type": 16, "codename": "delete_caller"}}, {"model": "auth.permission", "pk": 49, "fields": {"name": "Can add credential", "content_type": 17, "codename": "add_credential"}}, {"model": "auth.permission", "pk": 50, "fields": {"name": "Can change credential", "content_type": 17, "codename": "change_credential"}}, {"model": "auth.permission", "pk": 51, "fields": {"name": "Can delete credential", "content_type": 17, "codename": "delete_credential"}}, {"model": "auth.group", "pk": 1, "fields": {"name": "Doctors", "permissions": [28, 29, 30, 31, 32, 33, 34, 35, 36, 25, 26, 27, 16, 17, 18]}}, {"model": "auth.group", "pk": 2, "fields": {"name": "Nurses", "permissions": [28, 29, 30, 31, 32, 33, 16, 17, 18]}}, {"model": "auth.group", "pk": 3, "fields": {"name": "Administrator", "permissions": [28, 29, 30, 31, 32, 33, 34, 35, 36, 19, 20, 21, 25, 26, 27, 16, 17, 18, 22, 23, 24, 1, 2, 3, 4, 5, 6, 7, 8, 9, 10, 11, 12, 13, 14, 15]}}, {"model": "MedApp.customuser", "pk": 1, "fields": {"password": "pbkdf2_sha256$30000$5ZBvmwSPxP8a$lmy25X0TOEv2vSzFpmPJkHWXVi9+myuKOOE2cHT/2Zg=", "last_login": "2017-06-14T11:38:04.593Z", "is_superuser": true, "first_name": "Rasmi", "last_name": "Mahmoud", "email": "mrasmivlad@gmail.com", "date_of_birth": null, "date_joined": "2017-06-08T14:04:57Z", "is_staff": true, "is_active": true, "groups": [3], "user_permissions": []}}, {"model": "MedApp.customuser", "pk": 4, "fields": {"password": "pbkdf2_sha256$30000$fQYRvUSSfkuw$uEvhliC8KBHRbQvgGfp9s7omrban5bate2+Fd/IMhdc=", "last_login": "2017-06-12T16:02:50.433Z", "is_superuser": false, "first_name": "Lavi", "last_name": "Ana", "email": "lav@yahoo.com", "date_of_birth": "1995-06-09", "date_joined": "2017-06-09T09:42:26Z", "is_staff": true, "is_active": true, "groups": [2], "user_permissions": []}}, {"model": "MedApp.customuser", "pk": 5, "fields": {"password": "pbkdf2_sha256$30000$Agt5NZdrumCh$Qw000KJhBqeZSDDBA7DaSy2d6u70UDItOHR1OqilGz8=", "last_login": "2017-06-14T16:44:56.332Z", "is_superuser": false, "first_name": "Mahmoud", "last_name": "Aly", "email": "mahmud@yahoo.com", "date_of_birth": "1968-06-09", "date_joined": "2017-06-09T11:00:46Z", "is_staff": true, "is_active": true, "groups": [1], "user_permissions": []}}, {"model": "MedApp.customuser", "pk": 6, "fields": {"password": "pbkdf2_sha256$30000$aqn5lv5E381h$cNa9oU+SQ7VfraI8wzEadP8BT2HykooY0RjvojHbyfo=", "last_login": "2017-06-14T11:37:27.636Z", "is_superuser": false, "first_name": "Livia", "last_name": "Bubble", "email": "liv52@icloud.com", "date_of_birth": "1994-06-09", "date_joined": "2017-06-09T11:01:43Z", "is_staff": true, "is_active": true, "groups": [1], "user_permissions": []}}, {"model": "MedApp.patient", "pk": "1238745687456", "fields": {"first_name": "Nila", "last_name": "Alin", "address": "Street Traian, no 345, Dragasani, Valcea", "date_of_birth": null, "sex": null, "email": "alin@icloud.com", "phone": "", "doctor": null}}, {"model": "MedApp.patient", "pk": "185476212457", "fields": {"first_name": "Fagaras", "last_name": "Alexandru", "address": "Street C. Bucuresti, Craiova, Dolj", "date_of_birth": null, "sex": null, "email": "fagarel@yahoo.com", "phone": "", "doctor": null}}, {"model": "MedApp.patient", "pk": "189824723541", "fields": {"first_name": "Jack", "last_name": "Sparrow", "address": "Street Black Perl", "date_of_birth": null, "sex": null, "email": "jacckie@pirate.com", "phone": "", "doctor": null}}, {"model": "MedApp.patient", "pk": "192125844512", "fields": {"first_name": "Stan", "last_name": "Ilie", "address": "Street of Sunrise, no. 231, Craiova, Dolj", "date_of_birth": null, "sex": null, "email": "stan@yahoo.com", "phone": "", "doctor": null}}, {"model": "MedApp.patient", "pk": "1930911384795", "fields": {"first_name": "Virgil", "last_name": "Barbarossa", "address": "Street T. Vladimirescu, no. 634, Dragasani, Valcea", "date_of_birth": null, "sex": null, "email": "vis@yahoo.com", "phone": "", "doctor": null}}, {"model": "MedApp.patient", "pk": "1931202384971", "fields": {"first_name": "Rasmi", "last_name": "Mahmoud", "address": "T.Vladimirescu, nr. 305, Dragasani, Valcea", "date_of_birth": "2017-06-04", "sex": "M", "email": "", "phone": "+40784348384", "doctor": null}}, {"model": "MedApp.patient", "pk": "1942512023547", "fields": {"first_name": "Modric", "last_name": "Savo", "address": "Street C. Bucuresti, no 123, Craiova, Dolj", "date_of_birth": null, "sex": null, "email": "modric_out@yahoo.com", "phone": "", "doctor": null}}, {"model": "MedApp.patient", "pk": "1976524785265", "fields": {"first_name": "Dinu", "last_name": "Alex", "address": "aksjdasjdbaksjbdaksjbdckjabs;dkcbas;jkcbas;", "date_of_birth": null, "sex": null, "email": "d.alex@yahoo.com", "phone": "", "doctor": null}}, {"model": "MedApp.patient", "pk": "2190235497821", "fields": {"first_name": "Livia", "last_name": "Alina", "address": "Tasdbjasdibasdlkbasodbasjdbaosibda/lsdb", "date_of_birth": null, "sex": null, "email": "liv52@icloud.com", "phone": "", "doctor": null}}, {"model": "MedApp.patient", "pk": "24578547812", "fields": {"first_name": "Elena", "last_name": "Len", "address": "Street Amurgului, no 23, Craiova, Dolj", "date_of_birth": null, "sex": null, "email": "len@yahoo.com", "phone": "", "doctor": null}}, {"model": "MedApp.patient", "pk": "29014578457", "fields": {"first_name": "Maria", "last_name": "Cojoc", "address": "Street Rasarit, no 232, Pitesti, Pitesti", "date_of_birth": null, "sex": null, "email": "mari@gmail.com", "phone": "", "doctor": null}}, {"model": "MedApp.specialization", "pk": 1, "fields": {"name": "Gynecology", "doctor": 5}}, {"model": "MedApp.specialization", "pk": 3, "fields": {"name": "Dermatology", "doctor": 6}}, {"model": "MedApp.specialization", "pk": 4, "fields": {"name": "Cardiology", "doctor": null}}, {"model": "MedApp.specialization", "pk": 5, "fields": {"name": "Endocrinology", "doctor": null}}, {"model": "MedApp.specialization", "pk": 6, "fields": {"name": "Family Medicine", "doctor": null}}, {"model": "MedApp.specialization", "pk": 7, "fields": {"name": "Ophthalmology", "doctor": null}}, {"model": "MedApp.specialization", "pk": 8, "fields": {"name": "Radiology", "doctor": null}}, {"model": "MedApp.consultation", "pk": 1, "fields": {"doctor": 5, "time": "2017-06-09T13:00:43Z", "specialization": 1, "patient": "2190235497821"}}, {"model": "MedApp.consultation", "pk": 2, "fields": {"doctor": 6, "time": "2017-06-12T16:22:46.335Z", "specialization": 3, "patient": "189824723541"}}, {"model": "MedApp.consultation", "pk": 3, "fields": {"doctor": 5, "time": "2017-06-13T17:48:43.029Z", "specialization": 1, "patient": "2190235497821"}}, {"model": "MedApp.consultation", "pk": 5, "fields": {"doctor": 5, "time": "2017-06-14T16:53:14.516Z", "specialization": 1, "patient": "1931202384971"}}, {"model": "MedApp.appointment", "pk": 1, "fields": {"time": "2017-06-09T15:00:00Z", "doctor": 5, "created_by": 4, "patient": "2190235497821", "specialization": 1}}, {"model": "MedApp.appointment", "pk": 2, "fields": {"time": "2017-06-09T15:00:00Z", "doctor": 6, "created_by": 4, "patient": "24578547812", "specialization": 3}}, {"model": "MedApp.appointment", "pk": 3, "fields": {"time": "2017-06-12T16:14:18Z", "doctor": 6, "created_by": null, "patient": "189824723541", "specialization": 3}}, {"model": "admin.logentry", "pk": 1, "fields": {"action_time": "2017-06-08T21:53:06.418Z", "user": 1, "content_type": 2, "object_id": "1", "object_repr": "Doctors", "action_flag": 1, "change_message": "[{\"added\": {}}]"}}, {"model": "admin.logentry", "pk": 2, "fields": {"action_time": "2017-06-08T21:55:50.989Z", "user": 1, "content_type": 2, "object_id": "2", "object_repr": "Nurses", "action_flag": 1, "change_message": "[{\"added\": {}}]"}}, {"model": "admin.logentry", "pk": 3, "fields": {"action_time": "2017-06-08T21:59:39.289Z", "user": 1, "content_type": 2, "object_id": "3", "object_repr": "Blablbalbalbalbalbal", "action_flag": 1, "change_message": "[{\"added\": {}}]"}}, {"model": "admin.logentry", "pk": 4, "fields": {"action_time": "2017-06-08T22:01:38.978Z", "user": 1, "content_type": 7, "object_id": "2", "object_repr": "Livia", "action_flag": 1, "change_message": "[{\"added\": {}}]"}}, {"model": "admin.logentry", "pk": 5, "fields": {"action_time": "2017-06-08T22:02:27.217Z", "user": 1, "content_type": 7, "object_id": "3", "object_repr": "Rasmi", "action_flag": 1, "change_message": "[{\"added\": {}}]"}}, {"model": "admin.logentry", "pk": 6, "fields": {"action_time": "2017-06-08T22:03:57.272Z", "user": 1, "content_type": 7, "object_id": "2", "object_repr": "Livia", "action_flag": 2, "change_message": "[]"}}, {"model": "admin.logentry", "pk": 7, "fields": {"action_time": "2017-06-08T22:05:31.509Z", "user": 1, "content_type": 7, "object_id": "2", "object_repr": "Livia", "action_flag": 2, "change_message": "[{\"changed\": {\"fields\": [\"password\", \"email\"]}}]"}}, {"model": "admin.logentry", "pk": 8, "fields": {"action_time": "2017-06-08T22:05:39.037Z", "user": 1, "content_type": 7, "object_id": "2", "object_repr": "Livia", "action_flag": 2, "change_message": "[]"}}, {"model": "admin.logentry", "pk": 9, "fields": {"action_time": "2017-06-08T22:12:24.021Z", "user": 1, "content_type": 6, "object_id": "1931202384971", "object_repr": "Rasmi Mahmouuudia (1931202384971)", "action_flag": 1, "change_message": "[{\"added\": {}}]"}}, {"model": "admin.logentry", "pk": 10, "fields": {"action_time": "2017-06-08T22:12:59.949Z", "user": 1, "content_type": 7, "object_id": "3", "object_repr": "Rasmi", "action_flag": 2, "change_message": "[]"}}, {"model": "admin.logentry", "pk": 11, "fields": {"action_time": "2017-06-08T22:44:58.639Z", "user": 1, "content_type": 7, "object_id": "3", "object_repr": "Rasmi", "action_flag": 2, "change_message": "[]"}}, {"model": "admin.logentry", "pk": 12, "fields": {"action_time": "2017-06-08T22:44:58.814Z", "user": 1, "content_type": 7, "object_id": "3", "object_repr": "Rasmi", "action_flag": 2, "change_message": "[]"}}, {"model": "admin.logentry", "pk": 13, "fields": {"action_time": "2017-06-08T22:45:39.035Z", "user": 1, "content_type": 7, "object_id": "3", "object_repr": "Rasmi", "action_flag": 2, "change_message": "[{\"changed\": {\"fields\": [\"password\"]}}]"}}, {"model": "admin.logentry", "pk": 14, "fields": {"action_time": "2017-06-08T22:45:44.084Z", "user": 1, "content_type": 7, "object_id": "3", "object_repr": "Rasmi", "action_flag": 2, "change_message": "[]"}}, {"model": "admin.logentry", "pk": 15, "fields": {"action_time": "2017-06-09T09:43:38.593Z", "user": 1, "content_type": 7, "object_id": "4", "object_repr": "Lavi", "action_flag": 1, "change_message": "[{\"added\": {}}]"}}, {"model": "admin.logentry", "pk": 16, "fields": {"action_time": "2017-06-09T09:44:34.434Z", "user": 1, "content_type": 7, "object_id": "4", "object_repr": "Lavi", "action_flag": 2, "change_message": "[]"}}, {"model": "admin.logentry", "pk": 17, "fields": {"action_time": "2017-06-09T09:44:47.322Z", "user": 1, "content_type": 7, "object_id": "4", "object_repr": "Lavi", "action_flag": 2, "change_message": "[]"}}, {"model": "admin.logentry", "pk": 18, "fields": {"action_time": "2017-06-09T09:44:55.275Z", "user": 1, "content_type": 7, "object_id": "4", "object_repr": "Lavi", "action_flag": 2, "change_message": "[]"}}, {"model": "admin.logentry", "pk": 19, "fields": {"action_time": "2017-06-09T11:01:38.166Z", "user": 1, "content_type": 7, "object_id": "5", "object_repr": "Mahmoud", "action_flag": 1, "change_message": "[{\"added\": {}}]"}}, {"model": "admin.logentry", "pk": 20, "fields": {"action_time": "2017-06-09T11:02:46.136Z", "user": 1, "content_type": 7, "object_id": "6", "object_repr": "Livia", "action_flag": 1, "change_message": "[{\"added\": {}}]"}}, {"model": "admin.logentry", "pk": 21, "fields": {"action_time": "2017-06-09T11:03:24.189Z", "user": 1, "content_type": 6, "object_id": "2190235497821", "object_repr": "Livia Alina (2190235497821)", "action_flag": 1, "change_message": "[{\"added\": {}}]"}}, {"model": "admin.logentry", "pk": 22, "fields": {"action_time": "2017-06-09T11:04:14.440Z", "user": 1, "content_type": 6, "object_id": "1976524785265``", "object_repr": "Dinu Alex (1976524785265``)", "action_flag": 1, "change_message": "[{\"added\": {}}]"}}, {"model": "admin.logentry", "pk": 23, "fields": {"action_time": "2017-06-09T11:05:44.677Z", "user": 1, "content_type": 8, "object_id": "1", "object_repr": "Specialization object", "action_flag": 1, "change_message": "[{\"added\": {}}]"}}, {"model": "admin.logentry", "pk": 24, "fields": {"action_time": "2017-06-09T11:06:06.711Z", "user": 1, "content_type": 8, "object_id": "2", "object_repr": "Specialization object", "action_flag": 1, "change_message": "[{\"added\": {}}]"}}, {"model": "admin.logentry", "pk": 25, "fields": {"action_time": "2017-06-09T11:06:47.858Z", "user": 1, "content_type": 8, "object_id": "3", "object_repr": "Specialization object", "action_flag": 1, "change_message": "[{\"added\": {}}]"}}, {"model": "admin.logentry", "pk": 26, "fields": {"action_time": "2017-06-09T11:07:33.193Z", "user": 1, "content_type": 8, "object_id": "2", "object_repr": "Gynecology", "action_flag": 3, "change_message": ""}}, {"model": "admin.logentry", "pk": 27, "fields": {"action_time": "2017-06-09T11:07:54.638Z", "user": 1, "content_type": 10, "object_id": "1", "object_repr": "Appointment object", "action_flag": 1, "change_message": "[{\"added\": {}}]"}}, {"model": "admin.logentry", "pk": 28, "fields": {"action_time": "2017-06-09T11:08:11.817Z", "user": 1, "content_type": 10, "object_id": "2", "object_repr": "Appointment object", "action_flag": 1, "change_message": "[{\"added\": {}}]"}}, {"model": "admin.logentry", "pk": 29, "fields": {"action_time": "2017-06-09T13:00:57.736Z", "user": 4, "content_type": 11, "object_id": "1", "object_repr": "Consultation object", "action_flag": 1, "change_message": "[{\"added\": {}}]"}}, {"model": "admin.logentry", "pk": 30, "fields": {"action_time": "2017-06-09T13:07:01.389Z", "user": 1, "content_type": 7, "object_id": "5", "object_repr": "Mahmoud", "action_flag": 2, "change_message": "[]"}}, {"model": "admin.logentry", "pk": 31, "fields": {"action_time": "2017-06-09T13:07:11.140Z", "user": 1, "content_type": 7, "object_id": "4", "object_repr": "Lavi", "action_flag": 2, "change_message": "[{\"changed\": {\"fields\": [\"is_doctor\"]}}]"}}, {"model": "admin.logentry", "pk": 32, "fields": {"action_time": "2017-06-10T10:48:43.290Z", "user": 1, "content_type": 6, "object_id": "1976524785265", "object_repr": "Dinu Alex (1976524785265)", "action_flag": 2, "change_message": "[{\"changed\": {\"fields\": [\"cnp\"]}}]"}}, {"model": "admin.logentry", "pk": 33, "fields": {"action_time": "2017-06-10T10:48:54.804Z", "user": 1, "content_type": 6, "object_id": "1976524785265``", "object_repr": "Dinu Alex (1976524785265``)", "action_flag": 3, "change_message": ""}}, {"model": "admin.logentry", "pk": 34, "fields": {"action_time": "2017-06-10T10:52:07.234Z", "user": 1, "content_type": 6, "object_id": "1238745687456", "object_repr": "Nila Alin (1238745687456)", "action_flag": 1, "change_message": "[{\"added\": {}}]"}}, {"model": "admin.logentry", "pk": 35, "fields": {"action_time": "2017-06-10T10:53:52.591Z", "user": 1, "content_type": 6, "object_id": "185476212457", "object_repr": "Fagaras Alexandru (185476212457)", "action_flag": 1, "change_message": "[{\"added\": {}}]"}}, {"model": "admin.logentry", "pk": 36, "fields": {"action_time": "2017-06-10T10:56:07.127Z", "user": 1, "content_type": 6, "object_id": "1942512023547", "object_repr": "Modric Savo (1942512023547)", "action_flag": 1, "change_message": "[{\"added\": {}}]"}}, {"model": "admin.logentry", "pk": 37, "fields": {"action_time": "2017-06-10T10:59:10.659Z", "user": 1, "content_type": 6, "object_id": "1930911384795", "object_repr": "Virgil Barbarossa (1930911384795)", "action_flag": 1, "change_message": "[{\"added\": {}}]"}}, {"model": "admin.logentry", "pk": 38, "fields": {"action_time": "2017-06-10T11:02:14.365Z", "user": 1, "content_type": 6, "object_id": "189824723541", "object_repr": "Jack Sparrow (189824723541)", "action_flag": 1, "change_message": "[{\"added\": {}}]"}}, {"model": "admin.logentry", "pk": 39, "fields": {"action_time": "2017-06-10T11:04:54.219Z", "user": 1, "content_type": 6, "object_id": "24578547812", "object_repr": "Elena Len (24578547812)", "action_flag": 1, "change_message": "[{\"added\": {}}]"}}, {"model": "admin.logentry", "pk": 40, "fields": {"action_time": "2017-06-10T11:07:01.665Z", "user": 1, "content_type": 6, "object_id": "29014578457", "object_repr": "Maria Cojoc (29014578457)", "action_flag": 1, "change_message": "[{\"added\": {}}]"}}, {"model": "admin.logentry", "pk": 41, "fields": {"action_time": "2017-06-10T18:57:29.984Z", "user": 1, "content_type": 9, "object_id": "1", "object_repr": "Diagnostic object", "action_flag": 1, "change_message": "[{\"added\": {}}]"}}, {"model": "admin.logentry", "pk": 42, "fields": {"action_time": "2017-06-10T18:59:19.461Z", "user": 1, "content_type": 9, "object_id": "2", "object_repr": "Diagnostic object", "action_flag": 1, "change_message": "[{\"added\": {}}]"}}, {"model": "admin.logentry", "pk": 43, "fields": {"action_time": "2017-06-10T19:03:00.769Z", "user": 1, "content_type": 9, "object_id": "3", "object_repr": "Diagnostic object", "action_flag": 1, "change_message": "[{\"added\": {}}]"}}, {"model": "admin.logentry", "pk": 44, "fields": {"action_time": "2017-06-10T19:06:09.876Z", "user": 1, "content_type": 9, "object_id": "4", "object_repr": "Diagnostic object", "action_flag": 1, "change_message": "[{\"added\": {}}]"}}, {"model": "admin.logentry", "pk": 45, "fields": {"action_time": "2017-06-10T19:10:37.484Z", "user": 1, "content_type": 9, "object_id": "5", "object_repr": "Diagnostic object", "action_flag": 1, "change_message": "[{\"added\": {}}]"}}, {"model": "admin.logentry", "pk": 46, "fields": {"action_time": "2017-06-10T19:11:59.259Z", "user": 1, "content_type": 9, "object_id": "6", "object_repr": "Diagnostic object", "action_flag": 1, "change_message": "[{\"added\": {}}]"}}, {"model": "admin.logentry", "pk": 47, "fields": {"action_time": "2017-06-10T19:13:13.400Z", "user": 1, "content_type": 9, "object_id": "7", "object_repr": "Diagnostic object", "action_flag": 1, "change_message": "[{\"added\": {}}]"}}, {"model": "admin.logentry", "pk": 48, "fields": {"action_time": "2017-06-10T19:15:32.951Z", "user": 1, "content_type": 9, "object_id": "8", "object_repr": "Diagnostic object", "action_flag": 1, "change_message": "[{\"added\": {}}]"}}, {"model": "admin.logentry", "pk": 49, "fields": {"action_time": "2017-06-10T19:33:52.781Z", "user": 1, "content_type": 9, "object_id": "9", "object_repr": "Diagnostic object", "action_flag": 1, "change_message": "[{\"added\": {}}]"}}, {"model": "admin.logentry", "pk": 50, "fields": {"action_time": "2017-06-10T19:34:11.201Z", "user": 1, "content_type": 9, "object_id": "10", "object_repr": "Diagnostic object", "action_flag": 1, "change_message": "[{\"added\": {}}]"}}, {"model": "admin.logentry", "pk": 51, "fields": {"action_time": "2017-06-10T19:34:43.704Z", "user": 1, "content_type": 9, "object_id": "11", "object_repr": "Diagnostic object", "action_flag": 1, "change_message": "[{\"added\": {}}]"}}, {"model": "admin.logentry", "pk": 52, "fields": {"action_time": "2017-06-10T20:00:24.197Z", "user": 1, "content_type": 9, "object_id": "12", "object_repr": "Diagnostic object", "action_flag": 1, "change_message": "[{\"added\": {}}]"}}, {"model": "admin.logentry", "pk": 53, "fields": {"action_time": "2017-06-10T20:29:51.530Z", "user": 1, "content_type": 9, "object_id": "13", "object_repr": "Diagnostic object", "action_flag": 1, "change_message": "[{\"added\": {}}]"}}, {"model": "admin.logentry", "pk": 54, "fields": {"action_time": "2017-06-10T20:30:19.917Z", "user": 1, "content_type": 9, "object_id": "14", "object_repr": "Diagnostic object", "action_flag": 1, "change_message": "[{\"added\": {}}]"}}, {"model": "admin.logentry", "pk": 55, "fields": {"action_time": "2017-06-10T20:32:03.051Z", "user": 1, "content_type": 9, "object_id": "1", "object_repr": "Diagnostic object", "action_flag": 2, "change_message": "[]"}}, {"model": "admin.logentry", "pk": 56, "fields": {"action_time": "2017-06-10T20:32:17.266Z", "user": 1, "content_type": 9, "object_id": "15", "object_repr": "Diagnostic object", "action_flag": 1, "change_message": "[{\"added\": {}}]"}}, {"model": "admin.logentry", "pk": 57, "fields": {"action_time": "2017-06-10T20:57:45.430Z", "user": 1, "content_type": 9, "object_id": "16", "object_repr": "Diagnostic object", "action_flag": 1, "change_message": "[{\"added\": {}}]"}}, {"model": "admin.logentry", "pk": 58, "fields": {"action_time": "2017-06-10T20:58:13.094Z", "user": 1, "content_type": 9, "object_id": "17", "object_repr": "Diagnostic object", "action_flag": 1, "change_message": "[{\"added\": {}}]"}}, {"model": "admin.logentry", "pk": 59, "fields": {"action_time": "2017-06-10T20:58:41.387Z", "user": 1, "content_type": 9, "object_id": "18", "object_repr": "Diagnostic object", "action_flag": 1, "change_message": "[{\"added\": {}}]"}}, {"model": "admin.logentry", "pk": 60, "fields": {"action_time": "2017-06-10T20:59:07.489Z", "user": 1, "content_type": 9, "object_id": "19", "object_repr": "Diagnostic object", "action_flag": 1, "change_message": "[{\"added\": {}}]"}}, {"model": "admin.logentry", "pk": 61, "fields": {"action_time": "2017-06-10T20:59:44.157Z", "user": 1, "content_type": 9, "object_id": "20", "object_repr": "Diagnostic object", "action_flag": 1, "change_message": "[{\"added\": {}}]"}}, {"model": "admin.logentry", "pk": 62, "fields": {"action_time": "2017-06-10T21:09:55.488Z", "user": 1, "content_type": 9, "object_id": "20", "object_repr": "Diagnostic object", "action_flag": 2, "change_message": "[]"}}, {"model": "admin.logentry", "pk": 63, "fields": {"action_time": "2017-06-11T13:36:05.547Z", "user": 1, "content_type": 8, "object_id": "4", "object_repr": "Cardiology", "action_flag": 1, "change_message": "[{\"added\": {}}]"}}, {"model": "admin.logentry", "pk": 64, "fields": {"action_time": "2017-06-11T13:36:21.305Z", "user": 1, "content_type": 8, "object_id": "5", "object_repr": "Endocrinology", "action_flag": 1, "change_message": "[{\"added\": {}}]"}}, {"model": "admin.logentry", "pk": 65, "fields": {"action_time": "2017-06-11T13:36:32.083Z", "user": 1, "content_type": 8, "object_id": "6", "object_repr": "Family Medicine", "action_flag": 1, "change_message": "[{\"added\": {}}]"}}, {"model": "admin.logentry", "pk": 66, "fields": {"action_time": "2017-06-11T13:37:28.231Z", "user": 1, "content_type": 8, "object_id": "7", "object_repr": "Ophthalmology", "action_flag": 1, "change_message": "[{\"added\": {}}]"}}, {"model": "admin.logentry", "pk": 67, "fields": {"action_time": "2017-06-11T13:37:55.183Z", "user": 1, "content_type": 8, "object_id": "8", "object_repr": "Radiology", "action_flag": 1, "change_message": "[{\"added\": {}}]"}}, {"model": "admin.logentry", "pk": 68, "fields": {"action_time": "2017-06-11T13:58:10.763Z", "user": 1, "content_type": 6, "object_id": "192125844512", "object_repr": "Stan Ilie (192125844512)", "action_flag": 1, "change_message": "[{\"added\": {}}]"}}, {"model": "admin.logentry", "pk": 69, "fields": {"action_time": "2017-06-11T14:01:13.453Z", "user": 1, "content_type": 2, "object_id": "3", "object_repr": "Administrator", "action_flag": 2, "change_message": "[{\"changed\": {\"fields\": [\"name\"]}}]"}}, {"model": "admin.logentry", "pk": 70, "fields": {"action_time": "2017-06-11T15:49:55.096Z", "user": 5, "content_type": 10, "object_id": "2", "object_repr": "Appointment object", "action_flag": 2, "change_message": "[{\"changed\": {\"fields\": [\"patient\"]}}]"}}, {"model": "admin.logentry", "pk": 71, "fields": {"action_time": "2017-06-11T16:47:14.405Z", "user": 5, "content_type": 12, "object_id": "1", "object_repr": "ConsultationResult object", "action_flag": 1, "change_message": "[{\"added\": {}}]"}}, {"model": "admin.logentry", "pk": 72, "fields": {"action_time": "2017-06-11T21:23:07.892Z", "user": 1, "content_type": 7, "object_id": "1", "object_repr": "Rasmi", "action_flag": 2, "change_message": "[{\"changed\": {\"fields\": [\"first_name\", \"last_name\", \"is_doctor\"]}}]"}}, {"model": "admin.logentry", "pk": 73, "fields": {"action_time": "2017-06-12T12:38:03.812Z", "user": 1, "content_type": 2, "object_id": "1", "object_repr": "Doctors", "action_flag": 2, "change_message": "[]"}}, {"model": "admin.logentry", "pk": 74, "fields": {"action_time": "2017-06-12T12:50:50.636Z", "user": 5, "content_type": 9, "object_id": "6", "object_repr": "Abnormal Pap Smear Result, Cervix", "action_flag": 2, "change_message": "[{\"changed\": {\"fields\": [\"code\"]}}]"}}, {"model": "admin.logentry", "pk": 75, "fields": {"action_time": "2017-06-12T12:57:15.989Z", "user": 1, "content_type": 2, "object_id": "1", "object_repr": "Doctors", "action_flag": 2, "change_message": "[]"}}, {"model": "admin.logentry", "pk": 76, "fields": {"action_time": "2017-06-12T12:57:48.374Z", "user": 1, "content_type": 2, "object_id": "1", "object_repr": "Doctors", "action_flag": 2, "change_message": "[]"}}, {"model": "admin.logentry", "pk": 77, "fields": {"action_time": "2017-06-12T12:58:17.628Z", "user": 1, "content_type": 2, "object_id": "1", "object_repr": "Doctors", "action_flag": 2, "change_message": "[]"}}, {"model": "admin.logentry", "pk": 78, "fields": {"action_time": "2017-06-12T16:15:17.008Z", "user": 4, "content_type": 10, "object_id": "3", "object_repr": "Appointment object", "action_flag": 1, "change_message": "[{\"added\": {}}]"}}, {"model": "admin.logentry", "pk": 79, "fields": {"action_time": "2017-06-12T16:22:46.336Z", "user": 4, "content_type": 11, "object_id": "2", "object_repr": "Doctor: Livia\nPatient: Jack Sparrow (189824723541)", "action_flag": 1, "change_message": "[{\"added\": {}}]"}}, {"model": "admin.logentry", "pk": 80, "fields": {"action_time": "2017-06-13T08:11:27.339Z", "user": 5, "content_type": 6, "object_id": "2190235497821", "object_repr": "Livia Alina (2190235497821)", "action_flag": 2, "change_message": "[]"}}, {"model": "admin.logentry", "pk": 81, "fields": {"action_time": "2017-06-13T17:48:19.735Z", "user": 5, "content_type": 6, "object_id": "2190235497821", "object_repr": "Livia Alina (2190235497821)", "action_flag": 2, "change_message": "[{\"changed\": {\"fields\": [\"email\"]}}]"}}, {"model": "admin.logentry", "pk": 82, "fields": {"action_time": "2017-06-13T17:48:43.035Z", "user": 5, "content_type": 11, "object_id": "3", "object_repr": "Doctor: Mahmoud\nPatient: Livia Alina (2190235497821)", "action_flag": 1, "change_message": "[{\"added\": {}}]"}}, {"model": "admin.logentry", "pk": 83, "fields": {"action_time": "2017-06-13T17:51:16.354Z", "user": 5, "content_type": 11, "object_id": "1", "object_repr": "Doctor: Mahmoud\nPatient: Livia Alina (2190235497821)", "action_flag": 2, "change_message": "[]"}}, {"model": "admin.logentry", "pk": 84, "fields": {"action_time": "2017-06-13T17:54:05.763Z", "user": 5, "content_type": 12, "object_id": "2", "object_repr": "Pelvic Pain Ce zici ma, sora mea?", "action_flag": 1, "change_message": "[{\"added\": {}}]"}}, {"model": "admin.logentry", "pk": 85, "fields": {"action_time": "2017-06-14T09:08:30.142Z", "user": 1, "content_type": 9, "object_id": "20", "object_repr": "Nonspecif Skin Erupt Ot", "action_flag": 2, "change_message": "[{\"changed\": {\"fields\": [\"specilization\"]}}]"}}, {"model": "admin.logentry", "pk": 86, "fields": {"action_time": "2017-06-14T09:08:42.615Z", "user": 1, "content_type": 9, "object_id": "19", "object_repr": "Alopecia Unsp", "action_flag": 2, "change_message": "[{\"changed\": {\"fields\": [\"specilization\"]}}]"}}, {"model": "admin.logentry", "pk": 87, "fields": {"action_time": "2017-06-14T09:08:55.422Z", "user": 1, "content_type": 9, "object_id": "18", "object_repr": "Unsp Hair Disease", "action_flag": 2, "change_message": "[{\"changed\": {\"fields\": [\"specilization\"]}}]"}}, {"model": "admin.logentry", "pk": 88, "fields": {"action_time": "2017-06-14T09:09:08.194Z", "user": 1, "content_type": 9, "object_id": "17", "object_repr": "Lichenification", "action_flag": 2, "change_message": "[{\"changed\": {\"fields\": [\"specilization\"]}}]"}}, {"model": "admin.logentry", "pk": 89, "fields": {"action_time": "2017-06-14T09:09:29.750Z", "user": 1, "content_type": 9, "object_id": "16", "object_repr": "Dermatophytosis Of Nail", "action_flag": 2, "change_message": "[{\"changed\": {\"fields\": [\"specilization\"]}}]"}}, {"model": "admin.logentry", "pk": 90, "fields": {"action_time": "2017-06-14T09:09:37.688Z", "user": 1, "content_type": 9, "object_id": "15", "object_repr": "Impetigo", "action_flag": 2, "change_message": "[{\"changed\": {\"fields\": [\"specilization\"]}}]"}}, {"model": "admin.logentry", "pk": 91, "fields": {"action_time": "2017-06-14T09:09:47.370Z", "user": 1, "content_type": 9, "object_id": "14", "object_repr": "Dermatitis Unspec", "action_flag": 2, "change_message": "[{\"changed\": {\"fields\": [\"specilization\"]}}]"}}, {"model": "admin.logentry", "pk": 92, "fields": {"action_time": "2017-06-14T09:09:57.382Z", "user": 1, "content_type": 9, "object_id": "13", "object_repr": "Sebaceous Cyst", "action_flag": 2, "change_message": "[{\"changed\": {\"fields\": [\"specilization\"]}}]"}}, {"model": "admin.logentry", "pk": 93, "fields": {"action_time": "2017-06-14T09:10:08.698Z", "user": 1, "content_type": 9, "object_id": "13", "object_repr": "Sebaceous Cyst", "action_flag": 2, "change_message": "[]"}}, {"model": "admin.logentry", "pk": 94, "fields": {"action_time": "2017-06-14T09:10:18.834Z", "user": 1, "content_type": 9, "object_id": "12", "object_repr": "Benign Neo Skin Unspec", "action_flag": 2, "change_message": "[{\"changed\": {\"fields\": [\"specilization\"]}}]"}}, {"model": "admin.logentry", "pk": 95, "fields": {"action_time": "2017-06-14T09:10:29.749Z", "user": 1, "content_type": 9, "object_id": "11", "object_repr": "Actinic Keratosis", "action_flag": 2, "change_message": "[{\"changed\": {\"fields\": [\"specilization\"]}}]"}}, {"model": "admin.logentry", "pk": 96, "fields": {"action_time": "2017-06-14T09:10:42.368Z", "user": 1, "content_type": 9, "object_id": "10", "object_repr": "Seborrheic Keratosis Ot", "action_flag": 2, "change_message": "[{\"changed\": {\"fields\": [\"specilization\"]}}]"}}, {"model": "admin.logentry", "pk": 97, "fields": {"action_time": "2017-06-14T09:10:55.865Z", "user": 1, "content_type": 9, "object_id": "9", "object_repr": "Encounter Long Rx Use Ot", "action_flag": 2, "change_message": "[{\"changed\": {\"fields\": [\"specilization\"]}}]"}}, {"model": "admin.logentry", "pk": 98, "fields": {"action_time": "2017-06-14T09:11:43.165Z", "user": 1, "content_type": 9, "object_id": "8", "object_repr": "Ovarian Dysfunction", "action_flag": 2, "change_message": "[{\"changed\": {\"fields\": [\"specilization\"]}}]"}}, {"model": "admin.logentry", "pk": 99, "fields": {"action_time": "2017-06-14T09:11:55.914Z", "user": 1, "content_type": 9, "object_id": "7", "object_repr": "Uterine Fibroid/Leiomyoma", "action_flag": 2, "change_message": "[{\"changed\": {\"fields\": [\"specilization\"]}}]"}}, {"model": "admin.logentry", "pk": 100, "fields": {"action_time": "2017-06-14T09:12:05.195Z", "user": 1, "content_type": 9, "object_id": "6", "object_repr": "Abnormal Pap Smear Result, Cervix", "action_flag": 2, "change_message": "[{\"changed\": {\"fields\": [\"specilization\"]}}]"}}, {"model": "admin.logentry", "pk": 101, "fields": {"action_time": "2017-06-14T09:12:11.719Z", "user": 1, "content_type": 9, "object_id": "5", "object_repr": "Menopausal Symptoms", "action_flag": 2, "change_message": "[{\"changed\": {\"fields\": [\"specilization\"]}}]"}}, {"model": "admin.logentry", "pk": 102, "fields": {"action_time": "2017-06-14T09:12:19.618Z", "user": 1, "content_type": 9, "object_id": "4", "object_repr": "Cervicitis/Endocervicitis", "action_flag": 2, "change_message": "[{\"changed\": {\"fields\": [\"specilization\"]}}]"}}, {"model": "admin.logentry", "pk": 103, "fields": {"action_time": "2017-06-14T09:12:26.961Z", "user": 1, "content_type": 9, "object_id": "3", "object_repr": "Pelvic Pain", "action_flag": 2, "change_message": "[{\"changed\": {\"fields\": [\"specilization\"]}}]"}}, {"model": "admin.logentry", "pk": 104, "fields": {"action_time": "2017-06-14T09:12:37.280Z", "user": 1, "content_type": 9, "object_id": "2", "object_repr": "Dysfunctional Uterine Bleeding", "action_flag": 2, "change_message": "[{\"changed\": {\"fields\": [\"specilization\"]}}]"}}, {"model": "admin.logentry", "pk": 105, "fields": {"action_time": "2017-06-14T09:12:44.878Z", "user": 1, "content_type": 9, "object_id": "1", "object_repr": "Irregular Mense", "action_flag": 2, "change_message": "[{\"changed\": {\"fields\": [\"specilization\"]}}]"}}, {"model": "admin.logentry", "pk": 106, "fields": {"action_time": "2017-06-14T10:39:31.268Z", "user": 1, "content_type": 8, "object_id": "1", "object_repr": "Gynecology", "action_flag": 2, "change_message": "[{\"changed\": {\"fields\": [\"doctor\"]}}]"}}, {"model": "admin.logentry", "pk": 107, "fields": {"action_time": "2017-06-14T10:39:37.778Z", "user": 1, "content_type": 8, "object_id": "3", "object_repr": "Dermatology", "action_flag": 2, "change_message": "[{\"changed\": {\"fields\": [\"doctor\"]}}]"}}, {"model": "admin.logentry", "pk": 108, "fields": {"action_time": "2017-06-14T16:43:24.812Z", "user": 1, "content_type": 6, "object_id": "1931202384971", "object_repr": "Rasmi Mahmoud (1931202384971)", "action_flag": 2, "change_message": "[{\"changed\": {\"fields\": [\"last_name\", \"date_of_birth\", \"sex\", \"email\", \"phone\"]}}]"}}, {"model": "admin.logentry", "pk": 109, "fields": {"action_time": "2017-06-14T16:45:18.606Z", "user": 5, "content_type": 11, "object_id": "4", "object_repr": "Doctor: Mahmoud\nPatient: Rasmi Mahmoud (1931202384971)", "action_flag": 1, "change_message": "[{\"added\": {}}]"}}, {"model": "admin.logentry", "pk": 110, "fields": {"action_time": "2017-06-14T16:45:37.961Z", "user": 5, "content_type": 12, "object_id": "3", "object_repr": "Pelvic Pain Test etestestestsrest", "action_flag": 1, "change_message": "[{\"added\": {}}]"}}, {"model": "admin.logentry", "pk": 111, "fields": {"action_time": "2017-06-14T16:51:54.573Z", "user": 5, "content_type": 12, "object_id": "3", "object_repr": "Pelvic Pain Test etestestestsrest", "action_flag": 3, "change_message": ""}}, {"model": "admin.logentry", "pk": 112, "fields": {"action_time": "2017-06-14T16:53:04.487Z", "user": 5, "content_type": 11, "object_id": "4", "object_repr": "Doctor: Mahmoud\nPatient: Rasmi Mahmoud (1931202384971)", "action_flag": 3, "change_message": ""}}, {"model": "admin.logentry", "pk": 113, "fields": {"action_time": "2017-06-14T16:53:14.517Z", "user": 5, "content_type": 11, "object_id": "5", "object_repr": "Doctor: Mahmoud\nPatient: Rasmi Mahmoud (1931202384971)", "action_flag": 1, "change_message": "[{\"added\": {}}]"}}, {"model": "admin.logentry", "pk": 114, "fields": {"action_time": "2017-06-14T16:54:07.802Z", "user": 5, "content_type": 12, "object_id": "4", "object_repr": "Pelvic Pain sddfsdfasdasdasdasdasdasd", "action_flag": 1, "change_message": "[{\"added\": {}}]"}}]